{"accuracy": [0.7005460858345032, 0.8826683759689331, 0.9242632985115051, 0.947360634803772, 0.9582083225250244, 0.9681212306022644], "loss": [0.9337818026542664, 0.34989872574806213, 0.22387437522411346, 0.15487293899059296, 0.12162338197231293, 0.09418602287769318], "val_accuracy": [0.8528832793235779, 0.8930328488349915, 0.9280653595924377, 0.9336744546890259, 0.9259988069534302, 0.9624089598655701], "val_loss": [0.45357638597488403, 0.2975430488586426, 0.21573935449123383, 0.19585785269737244, 0.23120424151420593, 0.12077514082193375]}